tweetId;tweetText;tweetDate;sentimentLabel
1;is so sad for my apl friend ;04/03/2015;0
2;i miss the new moon trail ;06/10/2015;0
3;omg it already 730 o ;03/04/2015;1
4; omgag im sooo im gunn cry i've been at thi dent sint 11 i was supos 2 just get a crown put on 30mins ;13/11/2015;0
5;i think mi bf is che on me tt ;10/08/2015;0
6;or i just worry too much ;25/02/2015;0
7;juuuuuuuuuuuuuuuuussssst chillin ;29/09/2015;1
8;sunny again work tomorrow | tv tonight ;21/08/2015;0
9;hand in my uniform today  i miss you already ;10/11/2015;1
10;hmmmm i wond how she my numb @ ;20/07/2015;1
11;i must think about posit ;16/09/2015;0
12;thank to al the hat up in my fac al day 112102 ;22/05/2015;1
13;thi weekend has suck so far ;25/09/2015;0
14;jb isnt show in austral any mor ;18/06/2015;0
15;ok that it you win ;08/02/2015;0
16;thi is the way i feel right now ;16/09/2015;0
17;awhh man i'm complet useless rt now funny al i can do is twit httpmylocme27hx ;05/05/2015;0
18;feel strangely fin now i'm gonn go list to som semison to celebr ;17/11/2015;1
19;hug rol of thund just nowso scary ;28/01/2015;0
20;i just cut my beard off it's on been grow for wel ov a year i'm gonn start it ov @shaunamanu is happy in the meantim ;26/09/2015;0
21;very sad about ir ;24/11/2015;0
22;womppp womp ;19/01/2015;0
23;you're the on on who can see thi caus no on els is follow me thi is for you becaus you're pretty awesom ;19/02/2015;1
24;level is 3 i was writ a mass blog tweet on myspac and my comp shut down now it's al lost lay in fet posit ;05/09/2015;0
25; head to hospitol  had to pul out of the golf tourny in 3rd plac i think i rerip someth  yeah that  ;02/04/2015;0
26;bor  what wrong with him pleas tel me  ;03/07/2015;0
27;can't be both i wish i could spend the rest of my lif just sat her and going to gig sery ;20/10/2015;0
28;feeel lik shit right now i real want to sleep but nooo i hav 3 hour of dant and an art assign to fin ;12/05/2015;0
29;goodby exam hello alcohol tonight ;13/05/2015;1
30;i didn't real it was that deep geez giv a girl a warn atleast ;07/06/2015;0
31;i hat it when any athlet appear to tear an ac on liv televid ;07/09/2015;0
32;i miss you guy too i think i'm wear skinny jean a cut swe and heel not real sur what ar you doing today ;08/06/2015;0
33; meet yo meat httpbitly15ssci ;18/08/2015;0
34;my horsy is mov on saturday morn ;05/06/2015;0
35;no sat offnee to work 6 day a week ;02/01/2015;0
36;real dont lik doing my room it so bor sick of doing my wardrob out cant waiit til i hav my walk in on yay ;06/01/2015;0
37;sox floyd was gre but reliev nee a scold ;11/05/2015;0
38;tim by lik a mil ;22/01/2015;0
39;upload pict on friendst ;19/03/2015;1
40;what typ of a spaz download a vir my broth that's who \ msn is now fuck forev ' ;25/08/2015;0
41;wiit the bab ;18/09/2015;0
42;   so i wrot someth last week and i got a cal from someon in the new york off httptumblrcomxcn21w6o7 ;25/05/2015;1
43;enough said ;28/02/2015;0
44; do i nee to ev say it do i wel her i go anyway chris cornel in chicago  tonight ;18/10/2015;1
45; heal class what a jok ;09/07/2015;1
46;@ginaaa go to the show tonight ;10/03/2015;1
47;@spiralgalaxy @ymptweet it real mak me sad when i look at muslim real now ;23/07/2015;0
48; al tim low shal be my mot for the rest of the week ;16/11/2015;0
49;and the entertain is ov someon complain prop @rupturerapture expery you say he should expery with a melody ;15/05/2015;0
50;anoth year of lak  that's neith mag nor fun  ;18/04/2015;0
51;baddest day ev ;05/01/2015;0
52;bathroom is cle now on to mor enjoy task ;05/11/2015;1
53;boom boom pow ;29/09/2015;1
54;but i'm proud ;11/07/2015;0
55;congr to helio though ;30/07/2015;0
56;david must be hospit for fiv day end of july palatin tonsil i wil prob nev see katy in concert ;05/07/2015;0
57;friend ar leav me 'cause of thi stupid lov httpbitlyzoxzc ;11/07/2015;0
58;go giv ur mom a hug right now httpbitlyazfwv ;23/09/2015;1
59;going to see harry sunday happy ;02/07/2015;1
60;hand quilt it is then ;21/02/2015;0
61;hat u  leysh t9ar5    ;07/09/2015;0
62; i alway get what i want ;17/09/2015;1
63;i bend backward ;22/10/2015;1
64;i get off work sooooon i miss cody booo haven't seen him in forever ;27/08/2015;1
65;i hat allergy should i get my hair cut tomorrow i'm tak a publ pol ;26/05/2015;1
66; i lov you guy so much that it hurt httptumblrcomxkh1z19us ;10/08/2015;0
67;i miss earl ;07/05/2015;0
68;i miss new jersey ;25/06/2015;0
69;i miss the first hour of sytycd last night and i can't find it onlin ;14/11/2015;0
70;i nee a u2 fix now ;10/10/2015;0
71;i nev thought i'd becom second cho ;23/02/2015;0
72;i think i may be too friendlylol o wel ;12/08/2015;0
73;i think manuel my basil plant on has day to liv ;18/10/2015;0
74;i wann be at hom @ church wond wht they ar doing ;27/07/2015;0
75;i wann mak my own pizz ;17/03/2015;0
76;i want a 120gb harddr or a 37 inch tv or a new guit anyonefeel gen p x ;03/08/2015;0
77;i want a hug ;16/01/2015;0
78;i want miley to tour austral ;09/09/2015;0
79;i want to sleep in thi morn but a mean kid through a popsic stick at me head i wish i could fly away lik thos squirrel ;27/07/2015;0
80;i was too slow to get $1 up tix ;11/09/2015;0
81;i wil send sunshin to northern ireland ar you going swim today @kezbat ;18/01/2015;0
82;i wish i could go to t4 on the beach ' would be gre to see @shontellelayne @danmerriweather ;16/11/2015;0
83;i would be so much happy if the wal of my bedroom wer paint whit ;29/04/2015;0
84;idk wat 2 do who can i trust me im sorry 4 al da pain i hav caus nebody im tak dis tim out 2 straighten myself out i luv yal ;03/05/2015;0
85;i'm find the interceiv slopeand bang my head against the wallma brain head com sav me ;27/07/2015;0
86;i'm real going to bed now ;01/04/2015;1
87;im sick 'cough cough' ;31/05/2015;0
88;in cab head to the airport going hom ;22/08/2015;0
89;in cas i feel emo in camp feel a wee bit of it alram bring in the hum right watch world report 2009hope it'll work ;17/04/2015;0
90;jin has a twit ;09/03/2015;1
91;jona day is almost ov ;23/11/2015;0
92;jus got hom fr tda fun i'm so sad i cri so much tim much lov i nev got to say my last to him ;05/05/2015;0
93;just gonn smilecuz it is what it isand im not sur what mor they could want ;06/01/2015;1
94;just got hom and i got to see my friend zahr whom i haven't seen sint we gradu that mak me so happy ;18/08/2015;1
95; longest night ev ugh httptumblrcomxwp1yxhi6 ;30/03/2015;0
96;mi momacit won't let me go to my bf's bbal gam grrr ;18/07/2015;0
97;mom say i hav to get a new phon immediatelyoff to tmobl she pay ;29/05/2015;0
98;my new car was stolenby my moth who want to go pos at church ;02/01/2015;0
99;no hang out with the girl 2day 2moro hop so ;16/05/2015;0
100;no movy tim for sunday rat wil hav to plan tomorrow i guess thi mean i hav to work on thos two pres i am doing ;15/09/2015;0
101;no pavel tonight ;03/10/2015;0
102;not a cool night ;25/01/2015;0
103;oh thank you ;25/09/2015;1
104;pleas ;11/09/2015;1
105;prob gun get off soon sint no on is talkin no mor ;14/07/2015;0
106;real want safin to pul out a win to los lik that ;10/04/2015;0
107;rip david ed ;04/07/2015;0
108;ros and ood wil be back in the xma who spec yay damn that's half a year away ;19/10/2015;1
109; sannesia aww no neighb we nee to watch mean girl  httptumblrcomxv31s2pi8 ;11/11/2015;0
110;so what the stat on next weekend ;09/02/2015;0
111;sorry @gigi4462 the ex husband has overdos on his dai dos of haterad ;23/03/2015;0
112;thank for yo definit of throwbie edit review yo entry and hav decid to not publ it ;24/07/2015;0
113;thank i nee al the help i can get ;11/09/2015;1
114; that explain alot ;22/11/2015;1
115;there's going to be a heath sequel winona4ever they bet not fuck it up ;18/11/2015;1
116;told not to drink wmy rx so just gav al the bb port ob stout that i brought hom from or to my neighb v v sad ;27/09/2015;0
117;tra is so sweet he just bought me a new baith suit wov him ;20/02/2015;1
118;tru high subject of me ther tombr was act my favorit charact in the book you got me  httpisgd13be0  rishabh ;10/07/2015;1
119;u guy knw whyy ;14/11/2015;0
120;very much so ;06/07/2015;0
121;waahhh now i'm get sadmiss hub ;24/02/2015;0
122; we wer stand out in the pour rain we wer sit on top of the world  sum suck  ;06/02/2015;0
123;went to get dog from vet theyv stitch her ear charg us for it but she stil blee lik a waterfal everytim she mov d why ;14/01/2015;0
124;wher is my pict i feel nak ;10/08/2015;0
125;why aren't ther any train going to manchest on a sunday now i can't go to the @jonasbrothers concert ;04/09/2015;0
127;why twit wil soon becom obsolet httpwwwimediaconnectioncomcontent23465asp ;26/09/2015;0
128;wid awak not ;27/05/2015;1
129;yeah me too it been aw weath her for the last week so that stink krist comin down and moe said mmmaybe he tak us for  ;18/02/2015;1
130; you hi stranger hello i am frank lampard how ar you you fin you and urself stranger i am gay yo httptumblrcomxaj24dkly ;17/11/2015;0
131;you'll alway be my on and on 12232007 ;31/01/2015;0
132;#3turnoffwords thi shit suck ;06/01/2015;0
133;#asylm j2 panel is ov guess it's back to norm lif ;05/03/2015;0
134;#poemsunder140 start by @shannonelyse1 ;26/04/2015;1
135;#squarespace bright my bad day i nev win anyth ;25/05/2015;0
136;#susan boyl didnt win mh wel divers was very good though congratz ;25/10/2015;0
137;#twenty20 ;16/06/2015;0
138;that is al and believ me it's enough ;15/07/2015;1
139;goooood timessss ;23/06/2015;1
140;gradu ;20/09/2015;0
141;vand paint swastika on hom of auth of gay lesb church story  napl dai  httpbitly11zyzl  ;06/04/2015;0
142;unknown er occ uh oh iphon os 3 fail so far ;23/02/2015;0
143;hom predict eagl to go 124 and giant to go 97 bs httpwwwdailysportspagescomforumsshowthreadphpt49343 ;14/11/2015;0
144;know you hungry so let go outsid on the balcony so you can ;20/07/2015;1
145;want you so bad it's driv me ;08/02/2015;0
146;10 men a uk fem internet entrepr should know when start and grow a busy  the next  httptinyurlcom  ;15/08/2015;1
148;to turn on my tv to get you out of my head i've got thi feel insid that i just won't that is lit how i feel ;29/08/2015;0
149;the tru is i miss you coldplay ;14/10/2015;0
150;tear ' today is the last day with my kidsthey go on sum break at their dad tomorrow sigh httpplurkcompx8j86 ;15/05/2015;0
151;uns annoy httpplurkcomp1230lz ;25/02/2015;0
152;via @designrelated ar design gallery exhibit postcardsmail going extinct via nyt httpowlyfhjc ;03/10/2015;0
153;beautifulylost ;01/01/2015;0
154; cri i'm going to miss harry pot when it com out i'm leav to vietnam on july 11th i'm going to cry ;26/01/2015;0
155; hummin i say up put yo money wher yo mou headin' out to real che twit world ;29/08/2015;1
156;  sigh you cant lov someon that doesn't lov you back that's lik stalk stat  get a divorc mov on  trin ;04/08/2015;1
157;    going back to bed becaus i'm lookin' around and don't see a reason to be awak atm be up in a littl ;07/10/2015;0
158;  aiqht goodniqht  tri neen malcolm cha  jlew atl lov much  ;06/06/2015;1
159;  triiiiii  ily  ev if cha doesn't  d die of laught ;23/10/2015;1
160; i want hiim soo bad  ;14/09/2015;0
161; watch tv  bed shop w mom out w trent hop i nee my best friend ;04/05/2015;0
162; had weird encount with so many homelesscreep on the walk hom tonight al by myself awesom real ;20/06/2015;0
163; rain out truck rac ;24/11/2015;0
164; why am i feel wors f ;26/03/2015;0
165; feel pain and happy at the sam tim how confus ;15/07/2015;0
166; hot choco is the best ;07/10/2015;1
167;in a shirt and panty celulit ;28/04/2015;0
168;had to turn back to nor due to body on lin so miss design council design 4 tech transf ev httpbitlypxrzv ;02/06/2015;0
169;y everyth is so hard  ;04/09/2015;0
170;bueno good bye good night ;07/02/2015;0
171; beach day with scoob   stil no phon ;06/07/2015;1
172; let's hav fun when i giv ya what i giv ya ;20/06/2015;0
173; i don't want to mov ;16/10/2015;0
174;d what an amaz nightday night again hi twit i miss u guy ;20/05/2015;1
175;@ canav nat seash ;24/03/2015;1
176;@ progress in the produc depart with that the pri get the head nod beat and then we reach out ;20/05/2015;1
177;@ taylorrhick enjoy chicagob new venu is alway cool you shin everywh you go i know who you ar in tim so wil everyon ;26/04/2015;1
178;@ the train crash in dc  ;07/05/2015;0
179;' @ thestreetforc ' ;19/02/2015;1
180;@3sixty5days mak me smil ;07/09/2015;1
181;@adamisacson my first day off in 3 week and my child got up bef 700 so watch for me on grac httptrimkhkw ;22/03/2015;1
183;@alexrauchman i am happy you ar stay around her drexel is a fab univers you should be proud yeah ;09/10/2015;1
184;@alvinkschneider what hap to angel and demon and lion and tig and bear ;18/07/2015;0
185;@americanwomannn wel that sur minim the impactlol ;26/02/2015;0
186;@angeblack @sween i cal dib on the voltron arm no the leg wait wher ar my man @baileygenine httptrimoery ;05/10/2015;1
187;@charlottegc i just saw ur mum ;31/07/2015;1
188;@chloelunn and @meganmcdowell get yo fat ass on her nai ;20/11/2015;1
189; @codinghorror see three extern monit on on laptop httpwwwtwitpiccom6e3zp win7rc 1 x 1920x1080 2 x 1280x1024 ;22/04/2015;1
190;facebookcomcopicmark if you're cool or if you're not cool mayb i'll send som cool  httptrimoyt7 ;29/04/2015;1
191;' @crewislife you want to start the morn lat in new york we can do that californ hav it ev bet ;18/06/2015;1
192;@cybervenus httptwitpiccom75kwb  lol luv it httptwitpiccom75hsg did any1 find or c 1 #a httpbitlymumfh ;19/02/2015;1
193;@dandelionas is mak fettucin and garl bread ;02/02/2015;1
194;@danregal tel @pfont i said happy bday ;31/10/2015;1
195; @darcylussier @lkrammes i went to work ont last year with no pant iron that was my last day of work at that job fml ;24/05/2015;0
196;@dirtyrose17 told you you would sweep hah p ;22/10/2015;1
197;@dreamingspires ther r many gr8 sci cartoon httpbitly6ew4q httpbitlygxh3q httpbitly18sjxi httpbitlykeay2 ;24/05/2015;0
198; @em91 edinburgh fring is on 10 week away i nee mony btw i'm elliot from @angryfeet  blam @howliet for the twit intrud ;14/10/2015;0
199;@emilymariie why didnt you com to school hav you don the short stack thing by yourself or do you stil nee me ;25/01/2015;0
200; @evertb which on httpbitly10o8lw httpbitlynh82s or httpbitlywr8vz  lat for the us stor on #iphone #comics ;24/05/2015;0
201;@georgediaz #magic think less than 50  chant hedo stay in orlando he's gonn go for the $$ they al do can't blam him though ;05/08/2015;0
202;@glamicole now who wud mak thi beauty plc cry ;20/02/2015;0
203;@hatermagazine @damienrandle it is now the out fat kid ;23/09/2015;0
204; @haugern the serv ar now backup if you expery any mor problem then pleas let me know sorry about the delay ;16/01/2015;1
206;@hellopnsdear se morre a mi joseph no no se val ;09/03/2015;0
207;@hidingesther @linininiooh ar my fut rooooooooom nyc hol ;23/08/2015;1
208;@hijackking7 i hop u hav chees burg 4 @snubbmatic lmbo ;17/11/2015;1
209;@iamyas awesom ;05/02/2015;1
210;@ivegotzooms i am noth of the kind and everyth of the sort httptrimmlsn ;14/08/2015;1
211; @jerrybattiste up som flow for the i'm jeal i want flow without hav to be in the hospit to get them ;12/04/2015;1
213;@jonasbrothers why is yo youtub account suspend lol singl lady dant i nee to watch it again ;21/07/2015;0
214; @juicyjones i know sold out though ;14/10/2015;0
215; @kaitymarine  watch e3 @mcmudkips  wil do ;26/06/2015;1
216; @katherineholden thank k here's hop pretty nerv though ;21/07/2015;1
217;@katiedontcry should get on aim and talk to me i miss her ;29/05/2015;0
218;@kcome  1000 follow httptrimmwkn ;08/07/2015;1
219;@khead i'll tel ya grocery stor it was bet when you blast the oldy sug ray doe not mak me httptrimjd0y ;27/07/2015;1
220;@kvetchingeditor's kashrut convo mak me want to keep mor kosh but my room cathol he has a pork loin in the fridg #kosherfail ;15/10/2015;0
221;@leloz isn't hom neith is @sozi1  @althani96 u bet hav it ;11/02/2015;0
222;@lhsoperafiends yal bitch bet wak up ear to go to the la oper kay ;30/05/2015;1
223; @littlecharva  i'm immun to dentists' dril etc now it just doesn't both me at al hav gum lift surgery next week tho eek ;09/03/2015;0
224;@lolife4life wher r u tonit im stil awak ;17/07/2015;0
225;@lorinimus hat bebot ap ;28/07/2015;0
226;@dhempe congr bha but lik the oldy in us to say  ar bha kuch kam ka httptrimox5g ;07/06/2015;1
227;@melodychase ;01/09/2015;1
228;@mgph3nom chil on twit via my spank new blackberry w unlimit internet  httptrimmzvc ;22/10/2015;1
229;@michaelsarver so do you giv him every inch of yo lov every night ;14/04/2015;1
230;@mimbles @wparenthetical ;19/11/2015;1
231;' @minghao mayb you can pop @starhubcares a tweet they ar quit act on twit ;14/05/2015;1
232;@msnovember it's a sham al the wom in mamm mia ar so horny sint al the men on thi island ar so httptrimkmet ;29/05/2015;1
233; @nibaq thank for let me know i'm going to check out eurek lat with thi knowledg ;09/05/2015;1
234;@oneshine what ar u refer to ;24/04/2015;0
235;@plmusic22 ;03/05/2015;0
236; @poisongirl10 what's up @sevgli hey you @lowridergrl i'm doing ok thx you @cristinerafae you too ttyl @nic0pic0 oh sowwy lol ;04/09/2015;1
237;@rappublicist happy moth day ;18/03/2015;1
238; @raybooysen i knew sharepoint was writ by intern i just knew it  ;24/05/2015;1
239;i miss her so much already ;02/06/2015;0
240;just practisinghow i feel ;22/09/2015;0
241;miss my lov jamy ;08/09/2015;0
242;fuck you ;25/08/2015;0
243;my head feel lik a bowl bal ;22/09/2015;0
244;my heart hurt bad ;30/10/2015;0
245;fs keep crash when i try to load bungy plan ;12/05/2015;0
246;my cur headset is on it deathb now my dad gav it to me just 3 week back ;18/08/2015;0
247; my mood is cur blah  sit in a park lot ;02/07/2015;0
248;i am happy ;11/09/2015;1
249;that is al ;28/09/2015;0
250;everyon went hom and not everyon was ev her cmf ;22/06/2015;0
251;fed up ;16/06/2015;0
252;fuck fuck fuuuuck ;13/07/2015;0
253;not feel it today and to mak mat worst it sup nasty and rainy outsid yuck ;24/03/2015;0
254;@beansummer ;25/06/2015;0
255;awwwwwh i want aid dav 2 win i him so bum he didnt ;02/08/2015;0
256;bed tim now ;27/04/2015;0
257;faltam 4 dia par o world draw day ;03/08/2015;1
258;friend lik thes  no thank i'm not fak   ;25/04/2015;0
259;hah omg stayin steezy mowin the lawn loviy stil her goi tan soon ;24/10/2015;1
260;i think my bf is che on me ;02/09/2015;0
261;i wann play with my camer but i wil settl for play with iv's and heart monit ;09/07/2015;1
262;i want an octo driv ;15/01/2015;0
263;i want to display my pretty voltron upsid i get two pretty voltron ;07/06/2015;0
264;i want to find a way to put my photo on phon her i hav bluetoo in both phon and comput but it doesn't work ;24/07/2015;0
265;in an effort to bring you the best cont we just ad at leas 30 hour to the releas of the digit rapt soon hang tight ;21/02/2015;0
266; is our respons to what hap today and that is al ;18/11/2015;0
267;j you ar right it hurt ;13/01/2015;0
268;kind but not real but kind ;30/04/2015;0
269;let's hav a mom of sil for our child hom sad it can't be replac and we can nev go back ;04/08/2015;0
270;lol al thes #robotpickuplines ar hil ;20/06/2015;1
271;man oh man i should punch myself in the head but im ok with that ;16/06/2015;1
272;my friend can get with ur friend and we can al b friend shit we could do thi every weeknd aiigght with coop n the crew ;27/10/2015;1
273;no man is wor yo tear and the on that is won't mak you cry ;21/06/2015;0
274;rain rain go away ;19/08/2015;0
275;storm ar scary ;14/05/2015;0
276;such a beauty satisfy day of bargain shop lov it ;12/05/2015;1
277;tel thos girl yo clock out lol ;21/02/2015;0
278;thank god today is friday  i lov ti ti ;21/03/2015;1
279;the bat to my internet connect died guess it back to the mobl ;31/10/2015;0
280;thrilled about being at work thi morn ;27/01/2015;1
281;we break dant not heart by short stack is my rington i lov that song ;17/04/2015;1
282;wwwapplecomiphone now has it for the 18th ;22/08/2015;0
283;#squarespace #trackle no appl iphon card for us mayb tomorrow i guess it help if you tweet it huh we forgot ;29/03/2015;0
284;uns hassl  mus httpplurkcompyq08l ;08/01/2015;0
285;exhaust ;26/08/2015;0
286;i want som cak bat pleas ugh ;14/05/2015;0
287;my lif is very lazzzzyyyy  ;15/03/2015;1
288;wish ell was on or somebody ;13/01/2015;0
289;ish in a good mood tlk to me ;23/07/2015;1
290;i think i'm going to go 3 a long driv then when i get to the pac oc op my car door and throw my pc in the oc ;08/07/2015;0
291;what the hel bbc ;15/06/2015;0
292;#canucks ;03/02/2015;0
293;i dont lik thi weekend huhuhu   ;15/11/2015;0
294;i'll get on it right away ;28/06/2015;0
295; j  a mad nic twic for now  ;08/03/2015;1
296;lov lif atm it bril xd ;05/08/2015;1
297;who els is in a happy mood d ;31/05/2015;1
298;bye everyon ;09/09/2015;1
299;lon night ;25/04/2015;0
300;blu doe not work ;04/04/2015;0
301;geez i'm feel their pain ;07/03/2015;0
302;i miss my summertim daley ;30/10/2015;0
303;on the comput        il lol no fuckin goin to portug ;04/02/2015;0
304;so far so good ;15/01/2015;1
305;today was a gre day ;02/06/2015;1
306;ughhhhhhhhhhhhhhhhhhhhhhhhhhhhh ;05/03/2015;0
307;#battleground ;21/07/2015;0
308;a lot a lot a lot a lot a lot a lot a lot a lot a lot a lot a lot a lot ;29/09/2015;1
309;awwwwwh i want aid dav 2 win i him so bum he didnt ;14/10/2015;0
310;curtain drop at the crown uptown aft 32 ye httpwwwkansascomnewsfeaturedstory860875html ;02/01/2015;0
311;eh must leav new mexico and soon ;18/05/2015;0
312;fail math i knew it i was just too slow ;30/05/2015;0
313;from gongw oh report sound lik lead stil consid libr cut not consid tax increas #saveohiolibraries ;09/07/2015;0
314;fuck sak why can thing nev work out for me ;12/05/2015;0
316;hop to see my baby girl ;27/08/2015;0
317;i don't ev know ;07/02/2015;0
318;i just lost a memb of my famy ;30/03/2015;0
319;i'm sick of bedtim battl ;01/09/2015;0
320;i'm so cold thi morn i hav chil al ov ;25/04/2015;0
321;just ;13/04/2015;0
322;no no no tonight goe on the book as the worst sytycd result show ;20/11/2015;0
323;no shop ;17/10/2015;0
324; poor lil mousey just out enjoy the sunny day i don't think i'd feel so bad if it was a big gnar rat though dbl standard yep ;14/02/2015;0
325; that's an ep sad fac ;09/10/2015;0
326;thi magazin story just brok my heart at the dentist's off today httptinyurlcomngbq2c ;30/08/2015;0
327;tig wood is up by 2at 18 via httpnascarcomracebuddy ;26/08/2015;1
328;wann go meet wifey but can't thi sux ' ;24/11/2015;0
329;wond why i feel lik i doi'll feel bet thoughit al good i'll be happy inspit oftweet ya lat ;05/05/2015;0
330;yip yay let gath in the hayh lov found it's way boyit's gonn stay ad 2 the master's holy way al his willway ;14/05/2015;1
331;#iranelection  no on real how deep thi goe ;07/08/2015;0
332;body from air frant crash hav been found httptwurlnldvu8be via @paisano  ;23/09/2015;0
333;that is the story of my lif a whol bunch of frowny ;05/05/2015;0
334;i hav noooooooooo friend on twit it mak me sad wil someon follow me ;11/01/2015;0
335;i just want to hear from you i guess that's ask too much ;03/06/2015;0
336;hardest work chic i know mii boss lady @moneyaceweather look up to her sery lol ;07/08/2015;1
337;i really2 don't lik thi condit sucksssssss ;17/11/2015;0
338;orlando lost the sery oh wel mayb phoenix or boston or cleveland the team i lik wil mak it next year ;06/06/2015;0
339;rinit suck ;02/11/2015;0
340;thank for being the besttttttttttttttttttt jdawg ;15/11/2015;1
341;i'm mad and sad right now play so terr today in both socc and basketbal ;26/09/2015;0
342;but mustach man is not that desp ;20/06/2015;0
343;my fac becaus i'm miss zoro tonight ;15/04/2015;0
344;@riceuniversiity i know huh @kouture85 im bout to cry@ahmier thank marco muah ;07/04/2015;0
345;angry ;24/08/2015;0
346;pra god for thi beauty day ;01/04/2015;1
347;sry mat 2 hear that  ;07/11/2015;0
348;what the fucccckkkkkkkkkk ;12/06/2015;0
349;bye world ;28/05/2015;0
350;i couldnt ev hav on fairyt night ;06/10/2015;0
351;i'll be work when pottercastlupinswillow com near me fail ;13/07/2015;0
352;my cel phon screen is dead sooooooooooo no text and i don't know who's cal fuuuuuuuuuuuuuuuuuuuuuuuuuuuuuuuuuuuuuuuuuuuck ;29/09/2015;0
353;no mor sick strike i say strike ohhhh wel 'nother day off school i guess ;20/04/2015;0
354;nobody lik year on in the review i've read i'm disappoint but mayb now i'll lik it mor sint i'm not expect much ;27/10/2015;0
355;must i say mor ;18/06/2015;0
356;old me's dead and gon ;16/01/2015;0
357; hav to go now  13 mor minut  pleas pleas pleas ;05/05/2015;0
358;@lakers i lov you guyssss thos ring mmmyeahh bling bling ;31/07/2015;1
359;@perfektnchance chant is boo #29 ;17/06/2015;1
360;@standingstones thank you very much for the dvd suggest very nic of you look good ;13/11/2015;1
361;awwwww i real hat thi ;30/06/2015;0
362;bad day ;15/02/2015;0
363;bad daydamn you @311 what kind of ticket sal was that ;14/08/2015;0
364;boston glob could be shut down in 60 day httpsbnewsrvwc ;06/02/2015;0
365;bye guy i'ma miss ya'll sooo sooo much but don't worry i'll be back on monday hav an awesom weekend peac ;20/07/2015;0
366;can i hav som follow '   i'm so sad now that i'm los hop press ;16/06/2015;0
367;couldn't bless'd da mic w my bra's in mus 2day @ericeonthebeat @moneybagzfam1st @circustk ;27/10/2015;0
368;cry cry cry ;17/09/2015;0
369;fkn day ;05/02/2015;0
370;goodnight ;18/10/2015;0
371;grandm is very sick not doing wel going to the emerg room ;17/02/2015;0
372;had a wond day gd is grrrrrrrrreat ;06/04/2015;1
373;i am going to shed tear if the cav hav to go hom tonight lik sery ;06/01/2015;0
374;i am soooo sad thi point of night i'd be cuddl with jonath lik i did for 4 year ;18/08/2015;0
375;i hat you forev ;27/06/2015;0
376;i hav pass 70542 exam today ;12/05/2015;1
377;i miss it ;10/01/2015;0
378;i stil feel lik a doucheb ;03/08/2015;0
379;i want to writ a song i think i wil ;28/04/2015;1
380; @serialseb alway thought tim estim should us 'value of pi rule' x 314 on exceiv being 'pi squ rule' ;22/03/2015;1
381;@sirkenrobinson cre via twit httpbitlyhvths ;23/05/2015;1
382; @slashhudson you teas i wann hear the track ;10/10/2015;1
383;@sommacolada nev answ my im's ;07/01/2015;0
384;@soultravelers3 httpbitlyh9nqe 15 traveltip 4 stud saf in roughplac ;12/01/2015;1
385;@squarespace it's now fath day and you haven't pick meyet i kind of want to incess both you#squarespace ;15/08/2015;0
386;@srenaenae what is 'fml' ;13/10/2015;1
388;@thatsrightnate  just in cas you nee som help w that httpbitly12np1h ;12/09/2015;1
389;@thediamondcoach im sur he'd lov that lol ;03/01/2015;1
390;@theenglishmuse on 's twit profil lol heart the first pic httptinyurlcomcbl6tm ;04/10/2015;1
391;@theiancrawford is no long in the cab to say i'm heartbrok is an underst good luck with everyth you're amaz ian ;09/09/2015;0
392;@vasongstress brok my twit ;06/09/2015;0
393;@warbo is off club must com ov to sheffield sometim party but real prob shouldn't atm a tech conf is a conf etc ;16/04/2015;0
394;@weselec my avat can't fig out what you peopl ar eith httptrimjj70 ;14/05/2015;1
395;@xxkirahxx is fulfil my life's ambit 2 go 2 a jona broth concert  i went 2 hmv and the new alb is already sold out why me ;17/02/2015;0
396;@yhf what hap to movy anyway it's lik hollywood forgot in rough tim the publ want to see httptrimmz8l ;18/09/2015;1
397;@zochula just yel at me for pick appl stor ov food ;08/11/2015;0
398;@zoeboe credit is due to  httpblipfm7d4pk ;11/03/2015;1
399;how not to exit a cessn 206 #skydiving httpbitly16zzj7 ;11/06/2015;1
400;1 of me cat kit died on 3 day old toorip ming ;21/06/2015;0
401;1 week bef the palm pre com out and my centro die i hav a temp phon but my contact aren't transf yet #sadpanda #fb ;27/05/2015;0
402; 20 chick mcnuggets 2 doubl cheeseburg larg fri and a lemonad for din why you may ask becaus i hat my body ;27/10/2015;1
403;3 hrs on da phonelol dud is hil ;07/09/2015;0
404; 400th tweet  breakfast everyth bagel toast wcream chees with an ic cap del ;12/06/2015;1
405;5 gb of video to upload to utub o dam sony vega mak it so big ;25/09/2015;0
406;50 of the new footwear label norm is definit that ar nev refer to in the docu who wrot thi up ;12/11/2015;0
407;a big angry spid was crawl in my blankey i flick it to the flo and cant sleep now ;16/01/2015;0
408;a bless sunday everyon ;21/04/2015;1
409; a coupl year of sick al pil up to thi on day ;05/08/2015;0
410;a dog rid the bicyc httpbitlygvmzd ;31/03/2015;1
411;a fly just land in my green chil stew i've nev been big on kil bug but thi asshol ask for it ther goe my appetit ;30/06/2015;0
412;a problem shar is a buck pass ;27/08/2015;1
413;a just got the sam handshak in her meet vib her suck ;10/06/2015;0
415;jonahwh a tweet sharon ;25/08/2015;0
416;al is beat be at my scooby doo board gam ;09/11/2015;0
417;am quit tir can't wait til wwe at burswood ;10/04/2015;1
418;anyon hav any adv on how to cop with a break up ;09/04/2015;0
419;arrrrrrrgggggggghhhhhhhh that's it al lin of commun ar temp suspend ;15/07/2015;0
420; awak and ready for the day ;10/03/2015;1
421;being nasty in the studio with my wom go sleepy ;14/11/2015;1
422;but i understand ;21/08/2015;0
423;car being inspect today gonn cost me ov 600 doll ;25/09/2015;0
424;e is out ;02/04/2015;0
425;everyth wrong ;26/08/2015;0
426;exerc 2 build musc mass is on thing that spee metabol httptinyurlcombvagbj ;05/03/2015;0
427;feel ok for the first tim in a few day thank you ;07/02/2015;1
428;found a new way to text him yey ;28/01/2015;1
429;friend dying is just horr ;21/07/2015;0
430;going for a paddl 2moz ;25/09/2015;1
431;good nit i hop grandm visit my dream again tonight last night was uplift i miss her ;22/10/2015;1
432;goodbassplay that is funny  oilipo i hop the peopl that wil bring us good thing ar start ear thi week ;21/03/2015;1
433;he was the best ther ;22/11/2015;0
434;hungov and crav chocol omg how funny was the pub last night lol ;17/01/2015;0
435;i dont want my sist to leav me for the whol sum ;17/09/2015;0
436;i hop everyon is at church so i can just go to my concert in peac on wed dont hav to worry about rush back to church to visit ;06/04/2015;0
438;i miss my famy and friend ;10/09/2015;0
439;i see i miss the nect suck dirty talk  ;17/05/2015;0
440;i want a freak puppy now a cut littl black yorkshir terry ;15/09/2015;0
441; i want iriss back httptumblrcomxpn1wrj48 ;04/08/2015;0
442;i'm glad divers got throughbut what about stavro ;07/11/2015;0
443;i'm her to tel ya  very yummy decid to go on a hunt for blend drink  know any good on ;06/02/2015;1
444;i'm out of nutell ;21/01/2015;0
445;is it rlly tht sery i'm abt to go thru my fonebook ;11/01/2015;0
446;is listenin to my new fav band mor am ;25/09/2015;1
447;it is on environ study and driv me ment ;02/05/2015;0
448;i've alway seen bit piec of shotta now i've seen the whol movieit end sooooo sad i'm gonn cry ;01/02/2015;0
449;just anoth day in parad  ;22/07/2015;1
450;just found a bon in my chick nugget not cool ;05/11/2015;0
452;lov you ;10/06/2015;1
453;my aunty dog is get put down hes my dog broth aswel ;25/03/2015;0
454; my head feel lik it going to explod  mmm what a horrend im the mess ;01/11/2015;0
455;my head is kil mee ;01/02/2015;0
457; my pict with kri karmad is gon forev it not in my com on my mysapc or on my httptumblrcomxzg1wy4jj ;23/01/2015;0
459;about 14 of my myspac com ar gon caus someon hack onto wil account and kept abus oth so he had to delet it ;26/09/2015;0
460;about school it wil al be ov soon can't wait to celebr stres til then ;12/05/2015;0
461; about to pop in a movy chil a bit get it innnn cal n text ;05/01/2015;1
462; about to swim ;09/02/2015;1
463;abt miss air frant plan follow her for best air new sourc httptinyurlcomm2p6yk ;06/06/2015;0
464;af ar not at read til sunday thi suck  ;23/05/2015;0
465;aft a crap night was look forward to being che up but no nev mind ;22/08/2015;0
466;ah the postm didn't hav my pack what am i goon to do for the rest of the day ;25/01/2015;0
467;ahh school on monday not ready ;05/11/2015;1
468;ahhh drizzy mr rog you ar indee the best ;01/09/2015;1
469;airport express doesn't rock enough to allow wireless scan with the canon pixm mx310 but otherw it's wireless good ;12/11/2015;0
470;alistair's friend ar al in the kitch and i'm in my pjsi just want a cup of tea dammit ;09/11/2015;0
471;al day no play ;11/07/2015;0
472;al dress up and no bicyc for monday nit rid n henderson ky httpbitly10h4ne ;20/03/2015;0
473;al i want is my ma in my arm that's al i want is you in my arm ;06/11/2015;0
474;al my friend ar gon haley n katy @ camp par @ mom landin n ayonn @ aunt n mom im so bor ;30/03/2015;0
475;al night yeeeeeeeeeeeessshhhh what a nightm up com 2 week cannot wait to gradu ;01/01/2015;0
476;al the smal thing ;04/10/2015;1
477;al thos nonrobst post ar mak me sad i mean i knew that but to see it from oth in word so sad ;12/04/2015;0
478;allison didnt win she should hav ;02/01/2015;0
479;almost tim to leav ;07/09/2015;0
480;already get sleepy real want to get my psych quizz don tonight ;27/04/2015;0
481; alway a nic thing to wak up to yay p gosh i'm such a typ lam overanalys teen lmao  had a nic nap ;18/02/2015;1
482;am excit ;23/08/2015;1
483;am feelin very happy ;24/11/2015;1
484;am i fee the pig' ;17/11/2015;1
485;am i los my mind caus i wann see mytc on tv right now thi min fu2 i want 2see candygirl not daisy dammit @iluvterricka ;12/04/2015;0
486;am sad to say i didn't get my result today somehow the school forgot to mail my result to me typ ugh ;10/06/2015;0
487; an alarm clock is a dev for wak up peopl who do not hav smal childr  ;27/02/2015;1
489;and i think that's why i felt real sick and depress in school today cuz of al the stress i'm glad i got that off my chest  ;15/05/2015;0
490;and i was just start to get confid in myself you hav torn me down ;21/11/2015;0
492;anoth 45 min ;14/09/2015;0
493;anoth ear day ;06/09/2015;0
494;anoth father's day weekend i don't get to spend with my dad ;16/01/2015;0
495;anoth friday night of rock band ;28/02/2015;1
496;anticip a tough day ahead ;09/06/2015;0
497;anyon know if ghostbust is reg fre on 360 and wher to get a us cop in britain if it is ;29/07/2015;0
498; d a mil mak a diff i can't help but to believ i cam in believ i wil leav believ god is ;24/09/2015;1
499; ;03/03/2015;0
500;630what's wrong wit it ;15/08/2015;0
501; alerg nos itchy and ey burn hop it's get bet soon ;08/09/2015;0
502;and they keep on com xox ;15/05/2015;0
503;anoth expend weekend trip to the vet ;14/01/2015;0
504;ar ther any party tonight im hell bor at hom and it seem lik everyon is busy lammm ;08/06/2015;0
505;but chill prawn wil mak the pain bet ;02/03/2015;0
507;dd has pinkeyenot fun ;21/08/2015;0
508; farrah fawcet die of cant at 62  abc new httpbitlyakqld via @turner ;01/06/2015;0
509;feel hopeless and useless ;18/02/2015;0
510;forgot my lunch at hom ;23/01/2015;0
511;gen mot sold hum s s ;08/10/2015;0
512;good morn al hav a gre day ;28/09/2015;1
513;goodnight ;06/02/2015;0
514;gooood night must prep for tomorrow meet now ;05/06/2015;0
516;hav a luv day httptinyurlcomckbmkc ;14/09/2015;1
517;he is so hot  ;16/08/2015;1
518;hmm what to do ;28/06/2015;1
519;httpbitly18xobk fiv guy loc clos aft visit from 'rat patrol' @dcist ;17/11/2015;0
520;i am act cry now becaus of sor throat ;02/01/2015;0
521; i feel irrespons and sort of horr marshmallow unless otherw stat hav gelatin fuck httptumblrcomxl21pafgm ;02/08/2015;0
522;i miss my broth i worry about him ;14/03/2015;0
523;i nee to think of someth els first ;23/04/2015;0
524;i want jul to win ;25/05/2015;0
525; iow no 2 in happy ye ;22/06/2015;1
526;jus got som bad new ;24/06/2015;0
527;just got hom ;22/10/2015;1
528;just mean ;22/01/2015;0
529;just saw sink into me the whol video on kerrang iv seen it bef load but it so much bet on tv ;02/10/2015;1
530; limp bizkit  rollin' #songstuckinmyheadwheniwokeup ;04/03/2015;0
531;''love sav the empty'' ;20/01/2015;0
532;my camer brok  ;21/07/2015;0
533;my mom is the funniest person ev ;16/01/2015;1
534;my par left ;09/06/2015;0
535;nad is out @ french op  now to my backup  go andy roddick ;14/11/2015;0
536;no ass beat check out playh in baltim thi weekend as wel feel quit rest and a bit out of sort ;20/09/2015;0
537;noth ;19/03/2015;0
538;ok we'll talk about yo boyfriend and stuff tomorrow  lmao and we'll talk for real soon too wooo heh ilysfm doodl xxxx ;23/09/2015;0
539;pie seem to hav quit a good appetit now ;27/05/2015;1
540; serv problem  mot me to chang host provid though #fb ;23/07/2015;0
541;shak head ;21/03/2015;0
542;shock loss to sparksbum @tmmcwilliams had a gre gam but shock too many injury to start the seasonrematch monday ;21/02/2015;0
543;som asshol got a hold of my email and sign me up for al thi spam mail ughhhhit's non stop anyon hav a spam block ;28/06/2015;0
544;someon just said ast least yo pretty  thank but but being pretty get you nowh you hav to much integr  ;19/04/2015;0
545;myspac peopl can get real angry if i don't answ them right away ja ;14/07/2015;0
546;nev get any photo com on m spac and mor ;02/08/2015;0
547;nhl penguin 1 red wing 3  fin  red wing lead sery 10  for stat star and mor visit httpwwwnhlcom ;31/10/2015;1
548;no ticket in germany for the miley cyr tour ;20/02/2015;0
549;photo shoot rain out oh wel back to post ;16/05/2015;0
550;rip young tek i miss you cuzin it has been 1 year sent you died   dont be asham of yo fai ;30/04/2015;1
551;rip charl j the world is with on less fin fellow ;03/10/2015;0
552;rsl was at the paley talk now i'm ev mor depress i couldn't get a ticket oh wel ;25/10/2015;0
554;so bor ;09/07/2015;0
555;so much for a good weekend ;14/08/2015;0
556;thank you @kyauphie ;25/04/2015;1
557;the hotel doesn't know wher it is eith that was my favorit how poop is that ;11/09/2015;0
559;thi year 5 mil childr from hungerrel caus httpisgd17eo4 ;20/10/2015;0
561;to al the moth whos day may not be so happy god lov you tlc  waterfal  httpblipfm5zi9g ;09/06/2015;0
562;today is not a good day but i guess lay around the hous in yo undy isn't so bad ;14/04/2015;0
563;went to maggie's bday party cam hom without my phon i feel lost and reaal confus but that just the booz talk ;31/10/2015;0
564;when wil rb2 get an aust releas dat ;18/07/2015;0
565;my grandm just told me she think i'm stupid wel hey thank g ;07/05/2015;0
566;#andyhurleyday ;10/06/2015;1
567;#asot400 ;10/06/2015;1
568;#betseyjohnson why ar you doing thi to me thi necklac is $150 rath than the us $5060 i want it httptwitpiccom6ioi8 ;11/04/2015;0
569;#followfriday @n3rin3 @jurgenphoto @shaneaddinall @robi27 @dannyvan @byronrode @tattood1 ;08/10/2015;1
570;#imisscath #imisscath #imisscath #imisscath #imisscath #imisscath #imisscath #imisscath #imisscath #imisscath #imisscath #imisscath ;31/07/2015;0
571;#mcflyforgermany #mcflyforgermany #mcflyforgermany #mcflyforgermany #mcflyforgermany #mcflyforgermany #mcflyforgermany #mcflyforgermany ;31/07/2015;1
572;#p1wimax no sign detect her at the gard ;14/08/2015;0
573;#trackle ;17/04/2015;0
574;that was then ' thi is now ;20/07/2015;1
575;thi pic if u want mor tel me caus i got mor httptwitpiccom6vsv8 ;16/03/2015;1
576;express watch thi again httptinyurlcomeqbwe ;06/01/2015;1
577;bal  httpcheezburgercomtwv720659 #lol #fail ;09/08/2015;0
578;a freel writ for brail porn and a stunt doubl for a hand model for palmol dishwash from @shinyhappyhead ;22/09/2015;1
579;in lov and i don't car who know it elf ;23/08/2015;1
580;rain c supertramp ;06/11/2015;0
581;must peopl insist on talk about stupid polit on the com of a bubbleg pop song sorry get httptinyurlcomljgec2 ;30/09/2015;1
582;hav to do it al ;09/01/2015;0
583;app the 'new' 30 is the sam build as the gm mean i'll lik hav the sam minut issu i was hav with the gm #mlia ;22/08/2015;0
584;archie's annoy me thi morn say i hog the bed al night and won't get up for his show him and his littl black kettl self ;10/11/2015;0
585;ar you ok @zheyamada  ;11/08/2015;0
586;argh the speak on my macbook ar screwing up and slow dying ;08/01/2015;0
587;as simpl as it get ;01/04/2015;1
588;at chris brown    i honest dont feel bad for rihann  anyway    out nd such    ;07/04/2015;0
589;at last night ;13/10/2015;0
590;at my tweet 1 lady say goodnit 2 tweet lat 1 lady is say good morn  that's crazy  i would nev imagin thi yr ago ;14/03/2015;1
591;at the nursery the wail hav just end al sleep sound work morn shift tmrw grr ;18/10/2015;1
592;at the random ment about cor 2 that ar almost twic as much sens as it's not tied to himself about tv every night ;04/01/2015;1
593;at work  fuck  ;08/11/2015;0
594;at work and got load to do b4 i leav today toodl luff xxx ;03/05/2015;0
595;attempt to get oth peopl on twitteroth than cat to talk to me but it is fail ;09/04/2015;0
596;aw toy story 3 is com out next year ;02/01/2015;0
597;awakefinallyrandom dream was a penguin but i liv in jersey and i od liv in a icecream stor lolz ;04/11/2015;1
598;awesom httptwitpiccom6ikhd ;28/06/2015;0
599;awesom black coff anyon ;10/04/2015;1
600;aww gre song to ;03/04/2015;1
601;aww i got do homework ;19/09/2015;0
602;aww someon borrow it without tel me ;29/05/2015;0
603;awww derek is at work back to mak kandy with the littl on o ;08/03/2015;0
604;b in genet so that's a 275 toward my gpa what real suck is that i got a 7975 in the class and an 80 is a b ;18/10/2015;0
605;baby died last night @$$# day ;13/04/2015;0
606;baby girl's so upseti'm not wher i nee to be with my sew and it's almost 10pm and i'm fin eat a littl dinnersigh ;24/11/2015;0
607;baby sit today shop tomorrow rue 21 is the best ev ;01/05/2015;1
608;baby you lik my favorit dessert i just can not get enough of you lov you i'm yo 4eva ;06/01/2015;1
609; back from cal  miss ittttt ;31/07/2015;0
610; back pain ;24/05/2015;0
611;back to bas ;12/04/2015;1
612;bad day 2day brok glass rainy weath uof ;19/02/2015;0
613;bad night for the pen ;07/07/2015;0
614;bad tim a new mommy just cal for newborn pict and i can't fit the baby into my schedule no mat how hard i try ;12/02/2015;0
615;bahahah me and jody burst out doing kevin's sos dant epiccc xd ;24/01/2015;1
616;' bank account is neg $118 ;28/09/2015;0
617;bas on last tim 2 upd my stat ;10/03/2015;1
618;basebal ;17/06/2015;1
619;bcd's clos i guess nodaj it is ;09/09/2015;0
620; bed  i gott get up ear  on 5 mor day of thi bullshit  sum ;04/09/2015;0
621;bed tim ;02/07/2015;0
622;bedss gayyyy  oh wel goodnight peopl @technotetris and @shaunacland d ;16/06/2015;0
623; been up for 2 day straight lol i nev sleep ;21/04/2015;1
624;being afraid of food is an eat disord right ;03/02/2015;0
625;being told im beauty doesnt mak my tummy bet ;11/07/2015;0
626;besid that gre gradu day i fina mad it i'm a highschool gradu  mom word  chapt clos  keep push foward ;26/04/2015;0
627;stil no phon buka pa raw in the afternoon oh wel i surv 7 day what's on mor day anoth day anoth destiny ;29/03/2015;0
628;such a nic day ;04/10/2015;1
629;summertim by dj jazzy jeff and the fresh print ;27/02/2015;1
630;the iphon wil be out of commit for a whil ;23/02/2015;0
631;the weath is lushhh ;12/11/2015;1
632;thing ar not good in my head i may not be around a lot thi weekend ;21/02/2015;0
633;third dat went wellmov on to four ;14/02/2015;1
634;to the dea an awesom random com for the cert not san   ;29/04/2015;1
635;try and enjoy ur famy i am her if i nee anythinganyth lov you sisb brav i know u r strong ur in my pray ;05/09/2015;0
636;twilight  ;29/07/2015;1
637;twit wont let me send reply today  boo hoo ;27/10/2015;0
638;two mor day ;22/10/2015;1
639;ughhh ;25/08/2015;0
640;uv basebal com on boy you can do it ;18/03/2015;0
641;wat work ar gonn start ;26/01/2015;0
642; wel i wrot a miss post about last night and al the thing that hap it got delet tho by httptumblrcomx9c238auy ;20/01/2015;0
643;wel i guess i knew it was going to break sometim ;06/10/2015;0
644; 'what canad hav to be proud of' httpbitlynx4aq ;25/08/2015;1
645;why is it rain ;06/04/2015;0
646;why me ;23/10/2015;0
647;xd go day ;01/02/2015;1
648; yay for star test week i start school at 11am thi week and i hav no school on thursday mayb sf httptumblrcomxvq1mln1l ;04/07/2015;1
649; #hello #world thi is wher i liv httptwitpiccom6bo0t #beautiful #5am #woop  bed now ;08/03/2015;1
650;#shortstack #tokiohotel #shortstack #tokiohotel #shortstack #tokiohotel #shortstack #tokiohotel #shortstack #tokiohotel #shortstack ;09/01/2015;1
651;#squaresp #squarespac #squarespace #trackle giveaway giveway iphonegiveway squarespac squarespc trackl ;02/06/2015;0
652;;08/03/2015;1
653;me smil ;13/10/2015;1
654; wer asleep whil i gath my thing in the dark the burn on my fing wer al that was left of the  ;05/05/2015;0
655;new | uk map clim chang  the pict it paint is an alarm on  httpbitly69ays  ;25/05/2015;0
656;giv up on you i don't car how you mess up yo lif ' ;03/06/2015;0
657;predict chil rainy midsum | new in finland|  thund  httpbitly15tpjc  ;21/02/2015;0
658;dsi port gam system  what wil you and i  httptinyurlcomb3yobq  ;24/03/2015;1
659;my sit  get to the front pag and oth plac in soc  httptinyurlcomdflzg4  ;20/05/2015;1
660;univers is a liv being and it's conscy and it's very old and it car about itself in lot of drunvalo melchizedek ;16/04/2015;1
661; world mak mus for peopl who list ;19/10/2015;1
663;angry mix mot but soo frust x httpplurkcomp13s5mg ;10/07/2015;0
664;mood i am in ;16/05/2015;0
665;exit i just bought som oreo i hop everyon lik oreo ;02/05/2015;1
666;hug @ignorantsheep ;26/07/2015;0
667;send you ehug ;15/07/2015;0
668;tear ;30/03/2015;0
669;cri i'm so depress thank to you my angel gonn find someon someday who might act tre me ;26/04/2015;0
670; on my way to the doct with my duo my ass hasn't ev had breakfast yet lol ;19/04/2015;0
671;sob must be in bed ;19/08/2015;0
672;wish she was at sum jam ;18/02/2015;0
673; school grrr im not in the mood to tak my mak up back off then put it on again when the teach leav ;27/02/2015;0
674;  babbbbbbbbyy  i miss you much ;23/03/2015;1
675; sunday is ov ;13/04/2015;0
676;  wel then you gon hav to stop w that  shit just be faith lik point to em moi ;18/01/2015;1
677; why the jona ar bad with us  com to paraguay ;04/06/2015;0
678; it jona day ;30/03/2015;1
679; ughh anybody wann com to my hous and cook my mom is leavin for work and aint cook me shit  can't trust dem hoe ;23/01/2015;0
680; i don't know what to do ;12/02/2015;0
681; i think i lost my span book x ;11/10/2015;0
682; lif can be so comply i know god has a plan  i just hav to trust in him ;07/09/2015;0
683; oh wel at least suzumiy haruh no yuuutsu is on air ;06/08/2015;0
684;not real a good night guy  buu huu ;25/07/2015;0
685;i did not get cast in but i wil keep look for som dant opportun i nee som exerc ;16/09/2015;0
686;the ground around me is wet i look up to see if any drop fal on my faceit was drizzl al around but i am miss my drop ;10/03/2015;0
687;i forgot to bring my new sharpy pen to school todaybooo ;06/06/2015;0
688;omgmy cel is offth hasn't hap to me in yearswtf got get my bil paid ;18/02/2015;0
689; the last gadget httptinyurlcompd4wyp #geekandpoke ;09/08/2015;1
690;' thi is so horr ;08/02/2015;0
691;' wher iu that on person that can mak me smil ;16/11/2015;0
692;s thi tweetdeck is kil me hat it ;09/02/2015;0
693; july flow july 2009 #holiday ;16/07/2015;1
694;@ lastfm not work ;16/02/2015;0
695;@aaronxnow fin got twit hah ;05/10/2015;1
696;@achaoticbeauty ;05/08/2015;1
697;@aimeebloved i think ther may be a connect between paul reub and the reason why movy the fl httptrimnfko ;21/02/2015;1
698; @alexjreid  saw that ear can't ev comprehend what that coupl wer feel real trag ;03/01/2015;0
699; @alittlebit  temp is down but the pain is stil bad hop antibiot kick in soon thank for ask ;14/04/2015;1
700; @anyamanda said i tweet less thes day so hi ;03/02/2015;1
701;@auroralee would lov to see you guy sometim grin  and aw rat mayb it'll warm up real fast lol ;27/03/2015;1
702; @benboychuk i hop it's not act on her birthday that she's get shot ;03/09/2015;0
703;@billbeckett's sign has 100 rub off my mondayey bracelet at least i hav plenty of autograph from him but stil sad day ;15/08/2015;0
704;@blackswan2 al  httpblipfm7d1qo ;29/10/2015;1
705;@blondediva11 what hap whil i was gon anybody get arrest httptrimkofz ;15/10/2015;1
706; @breegeek i'll know if u can't find a replac 4me i'll stil pay u if not i won't let u hang ;05/11/2015;1
707;@canuckgrrrl see a guy dress up as a banan tot mad my day phal symbol ftw httptrimmvtm ;23/05/2015;1
708; @carole29 yep coz of the england gam on wednesday ;25/06/2015;1
709; allll ruin my lif ;31/03/2015;0
710;  d there's my boo blush ;14/03/2015;1
711;  byy  ily2 jamarcusssssss ;13/11/2015;1
712; i was want to buy the sim 3  but it sold out  wtf  hah ;06/06/2015;0
713;  you aint gott apolog i know i'm not ug ;19/10/2015;1
714; just ;18/04/2015;0
715; yep hav thing my way al the tim i am self everyth revolv around me yep im a bitch gre for me y | ;09/02/2015;0
716; i don't wann get rid of twit you guy ar too cool ;11/08/2015;0
717; i try i try so hard and i seem to get no credit for it wat the prob ;14/10/2015;0
718;  wid awak but dont act wann go to school s xxx ;14/11/2015;0
719; dream beauty ;20/10/2015;0
720; now on hav on room ;09/03/2015;0
721; im givin myself 5 minut to turn that frown upsid down ;28/05/2015;0
722;i cant ev say a word right now ;21/09/2015;0
723;why am i so sadbecuz of u or becuz of the exam thinkbecuz of u ;20/02/2015;0
724; frust ;12/02/2015;0
725;and i feel a shallow brea that squeez past the fifty pound of ston laid in my chest ;30/08/2015;0
726;just found out that a friend from my child has pass away may he rest in peac ;29/09/2015;0
727;stil in the off ;05/09/2015;0
728;that is al ;14/04/2015;1
729;sniffl sint i dont get to leav thi fuck houseaw gre the power's gon and it get dark puurfect ;15/02/2015;0
730; i feel so   left out ;24/01/2015;0
731;sigh we didnt win the contest  stupid popul contest i had so many vot for her also im rea sad i had such a good feel ;05/08/2015;0
732; noooo why thing ar so comply if i spelt that wrong idc ;15/09/2015;0
733; noooo why thing ar so comply if i spelt thy wrong idc ;25/07/2015;0
734; butterf day jun 19 2009 #holiday ;07/05/2015;1
735; what doe it mean  ;05/06/2015;1
736;@ jfk intern airport httplooptusppyztqt ;22/09/2015;0
737;@ jona broth youtub bein suspend ;09/11/2015;0
738;@ mov court 4 a traff ticket should b sleepingaahh ;16/06/2015;0
739; @ work || on 5 hour of it today and then weeeekend can't wait for the long weekend to begin gonn get som thing don for sur ;24/04/2015;1
740;@ahugeproduction pray for my cold to go to my head becaus a skunk just sprayed my yard thi is the w httptrimn8ai ;02/05/2015;1
741;@ariaajaeger cre from the realm of light pur lov command the fold when you think and speak with lov a new world you'll behold ;07/03/2015;1
742;@arjunbasu the mus was so quiet that he was sur ther was a mass hoax being play on him alon i httptrimmp2j ;12/02/2015;1
743;@bananarchyatx sold out of froz banana today httpmypictme2qim ;17/05/2015;0
744;@beckobviously i hav no car to com to you eith ;31/08/2015;0
745;@belllareow has disappear again ;21/10/2015;0
746; @billyraycyrus oi tel yo daught to low her ticket pric we cant afford it in london my sist cri ;02/07/2015;0
747; @brooklynbelle lol i'm a hug fan also the mor i think about it the mor i think you should hold off on sim 3 ;16/05/2015;0
748;@canuckflack speak as a hist wtf do you incorp twit buzz by up middl class nor am httptrimofls ;19/02/2015;1
749;@cnnbrk farrah fawcet star of has died from cant at 62 ;18/11/2015;0
750; @cmedders ye bef the show i suggest that we ought to do a celebr deathmatch ;11/11/2015;1
751;@cranberryperson dear hyp chihuahu we on hav 45 minut left togeth on thi driv but i hav a  httptrimlaj6 ;19/11/2015;1
752;@danawalker washington capit would be on of #myweakness as wel ;15/01/2015;1
753;@daveena look fwd to a twitp of selm soon cool nam ad a k to the end and it's tok'ra ;14/06/2015;1
754;@desiredeffect ;22/05/2015;0
755;@dustincary ye i real wann see a win for him at dayton ;10/08/2015;1
756;@dwo34 gre to follow @butterflywheel @debraward @chastity1111 @cortnee4christ @dwo34 @darrensproat @sharboubou @mikehanes ;02/10/2015;1
757;@eightythreekid aww i'm sorry bae u kno i be grindin d but i got u i swear need go buy an artbook that or construct pap ;20/07/2015;1
758; @fontenot619 hey you @poisongirl10 how long wil you be on @summerblonde83 thx @nic0pic0 heheh yw  @sevgli yeah they're not ;27/05/2015;0
759;@gigia told me viol fem cov gnarl barkley tks dud  httpblipfm6svjq ;24/02/2015;1
760;@hitzproductions unfortun i'm com from nj the boonies gott driv to the path ;01/05/2015;0
761; @iamfauxpas al gig thi weekend hav been cancel so it may be temp or shut for good stil try to find out boo ;29/03/2015;0
763;@infobotz new  googl get twitterp  httptinyurlcomoropl7 ;14/06/2015;1
764;@isak is mad at me #fail ;14/08/2015;0
765;@jazzgotsoul @liveguy lol nooooooooo ;12/02/2015;1
766;@jessdelight i just play ur joint two song ago everyon in studio was feel it ;28/04/2015;0
767; @jonswerens i can't get excit about con ;24/01/2015;0
768;@ladykeisha @scorpio510 thanx for the post the warm wish enjoy ur day ;24/06/2015;1
769;@latuacatante17 youu welcom ;01/08/2015;1
770;@lisabarone if thru the mirac of modern sci bruc and danny had a child ;21/08/2015;1
771;@lisad stop talk to me i should stalk her  ;28/07/2015;0
772; @littlecharva  you'll be pleas to know i did not hav a nic night's sleep ev in a comfy bed  ev a sleep bag would be sam ;31/05/2015;0
773;@loic now try sex in bing deact saf search and go to video you ar now on a porn sit without lea httptrimn18y ;04/07/2015;1
774;@lushone toolio has court on the 24th ;17/10/2015;0
775;@mgapmp when you meet @johncmayer tonight pleas tel him my story how lak fan mad me miss his show ;23/09/2015;0
776;@michaelcastro is not at 902 thank ;16/07/2015;1
777; @minxlj hop you get bet soon ;19/11/2015;0
778;@misterdjin i just saw ;21/04/2015;0
779;@mizzbliz i slept lat too i wond y u didmhm i'm not as hyp as u think to leav the country for 2 week 3 day ;31/07/2015;0
780;@mizzwalker which on ;21/05/2015;0
781;@moogyboobles ahhhhhh  bloody fiv why did they giv away hous and me the sky subscrib ;03/11/2015;0
782;@mp3jackson is upset with me lol ;19/07/2015;0
783;@mrjoecool wel pra the lord 4 gud mood i kno i nee 2 b 1 im workn out ma thigh thes dark cloud is scar me ;16/05/2015;1
784;@nambu send my tweet from wrong account although select the right on ;04/02/2015;0
785;@oliveshoot aw sweet les was tweet luv last night you ar my #1 and absolv fav ;21/04/2015;1
786;big ass koolaid smil on my fac from talkin to my boo ;18/07/2015;1
787;bleh i feel lik qqing now ;31/01/2015;0
788;blowdry my hair ;07/04/2015;1
789;boo to that ;24/10/2015;0
790;boreddo noth at allokayi'm a pretty shy girl ;23/11/2015;1
791;boreddd going to do powerpoint ;31/01/2015;1
792;bor nitedamn i guess i bet get us to thi ;02/04/2015;0
793;boro let me down it's get very tight ;06/09/2015;0
794;bosco gradu then sara's voic recit ;19/03/2015;1
795;breakfast with famy ;04/01/2015;1
796;britain got tal on right now  good luck sus boyl  ;24/11/2015;1
797;bum to be miss bb kris' comcast chat stupid respons ;07/01/2015;0
798;burnt tongu hot chocol has a downsid ;19/01/2015;0
799;but eat popcorn so it get bet ;13/03/2015;0
800;but i don't want a boyfriend for the sum ;07/05/2015;0
801;but i lov you aaron ;27/05/2015;0
802;but not him he's just a brown nos tel her she's superdup beauty and then he just said a day bef sorry someon died ;08/03/2015;0
803; but sud someth hap i writ it in portugues ;04/03/2015;1
804;can first see mtv movy award on thursday how but am look forward to thursday jubi ;05/09/2015;0
805;can i join you  karenwild ;20/06/2015;0
806;canon powershot s400 you had serv me very wel i am sorry that i left u in that car for hottest 3 day i mourn yo loss ;25/03/2015;0
807;cant afford to see angel and demon so i watch it for fre httptrimlvbu ;25/04/2015;0
808;can't get mot it might b the sunday cry club for me ;16/03/2015;0
809;cant get up to auckland to watch jb 3d movy im soo gutterd suppos i hav to wait til the dvd releas ;05/10/2015;0
810;can't log into my comput at work ack got lot to do it guru out today can anyon help me ;02/08/2015;0
811;can't mak any label til my comput is fixedcan't fix my comput until i mak som moneycan't mak money unless i sel soap grrrr ;10/09/2015;0
812;can't sleep  thi suck eg and bacon i'm suppos to get up ear to ;17/03/2015;0
813;can't sleep so damn mis i'm sooooo itchy pleas help i can't sleep i'm going to cry ' ;17/01/2015;0
815;can't wait for the weekend bmth on saturday ;21/05/2015;1
816;carry has a bad ey infectionjust wait for hear from the vet to see if they found anyth ;15/07/2015;0
817;cba i'm rev my french or fuck it ;01/06/2015;0
818; cert test #2 at 830 thi morn feel much bet about thi on today ;23/04/2015;1
819;changin my nam to ambergirl66  hah my youtub nam and it mathc my background  ;13/09/2015;1
820; chil with my niggahz haley and dyl ;07/04/2015;1
821;chocol cak with a delicy strawberry yummy yummy ;30/07/2015;1
822;church with mattwasgood i think i'm going to be a 'churchgirl' now  ;02/05/2015;1
823; city tonight for mae ;19/02/2015;1
824;cnt ev us a singl twit ap ;18/10/2015;0
825;cold despit the heat weird though it's not act cold today ;23/03/2015;0
826;com on bitchesss #barakatday #barakatday #barakatday #barakatday ;17/08/2015;0
827;com party ;07/04/2015;0
828;com to manchest whil yo in england id lov to meet you did you hav fun in germany it beauty i lov it l xx ;30/04/2015;1
829;com up to the hom stretch now with thi jm fic yay ;16/02/2015;1
830;comput is being very temp at the mom ;12/09/2015;0
831;congr to al's newest stat sen elect democr mark keahey httpisgdmrr3 #alpolitics ;06/09/2015;1
832;a pac let see how long it ;30/04/2015;1
833;cooky the first tim ;05/08/2015;1
834;could thi night be any wors ;03/03/2015;0
835;couldn't find it ;08/05/2015;0
836;cramp drugsgood ;30/07/2015;0
837;crap day tat wil get crap ;29/03/2015;0
838;credit card bil ow my wallet ;31/01/2015;0
839; dad cam back us to go to any til thu whil him gonn go back from bant to any for us poor him ;08/03/2015;0
840;dad got to turn the pow off caio ;21/01/2015;0
841;dammit no mor sleep for me and on my day off to  ;13/11/2015;0
842;damn gettin it from someon right now damn i guess im not sleep tonit with thes text ;26/09/2015;0
843;damn u stil haven't been to sleep and just look them up think it was royal beat and city council ;11/04/2015;0
844;damn didnt mak on tim and the bord was clos drov hr to toh sid of stat to mak it ti mexicosniff sniff tir ;09/05/2015;0
845;damn lost three follow i was get so clos to fifty help me out ;06/08/2015;0
846;damn ther has to be someth wrong and it not youu ;01/03/2015;0
847;dan won't hav off for my birthday ;02/05/2015;0
848;darn you city i just want to leav ;30/10/2015;0
849;def i hav no studio so ur jus gunn get the lyr shrug @exoticbella ;07/10/2015;1
850;defin bedtim ;27/10/2015;0
851;defin just miss my train smh fuck ;28/02/2015;0
852;depress day  httpblipfm6tfp6 ;09/05/2015;0
853;devstatedd my sil iphon delet al my jailbreak stuff that 25 ap  ;14/07/2015;0
854;did not get to go see up oh wel end up going to din with blas and bridget ;23/05/2015;0
855;didn't get much sleep again cos of the flippin neighbo grr tim to work again ;04/02/2015;0
856;didn't get to do som car scheming tonight sad but i did get to mosh whil look lik a complet bog woot ;17/01/2015;0
857;didn't go out last night i fel asleep  i suck not lit ;17/09/2015;0
858;didn't hav tim upd becaus was 2 busy enjoy thi mak sleep with no cloth on eat weath i miss thi ;11/07/2015;1
859;didn't think netbal was on coz it was rain when i got ther  now no on can tak me man is going to b annoy | ;09/05/2015;0
860;didn't win the twit contest boo ;05/02/2015;0
861;dinar lost again in roland garro why the safin hav to do it hard ;16/09/2015;0
862;din bath workout run ;03/09/2015;1
863;diplom husband to his wif do u expect me to rememb ur birthday when u nev look any via @normaltusker @nehabagoria ;23/07/2015;1
864;dissapoint ;12/06/2015;0
865;doe anybody know the stat homework not that i hav start nobody is answ my email about busy study ;04/11/2015;0
866;doesn't know what to get fir a tattoo ;04/06/2015;0
867;dont feel good ptos  ;24/10/2015;0
868;don't forget to vot today httpbitly3mg0r ;13/04/2015;1
869; don't ign the smel of sizzl skin when you're sit in the sun ;21/11/2015;0
870;dont know what wrong with me ;20/10/2015;0
871;don't lik end the night argu with the huz in smf ov stupid hom improv crap ;31/01/2015;0
872;don't wann go to work ;22/06/2015;0
873;@dayngr tweetwra i think i just coin a new word wher is that twit dict httptrimnyyv ;18/02/2015;1
874;@demonicturtle  you guy hav fun last night i hop you got my text pub quizz tomorrow ;18/11/2015;0
875;@djwillgates ;16/01/2015;1
876;@electrograffiti i know but i'll miss hav someon to bitch about brussel tram metro bad custom serv lack of quorn etc ;09/08/2015;0
877;@elysianfieldzclass @elysianfieldzajno answ @ronno4lyfework @etj on the road @plusisaplusn nol im hungry with no1 2 eat with ;14/07/2015;0
878;@essentiallyme funny fact @sween has about 3x his town's pop follow him on tumblr how doe h httptrimlcel ;15/10/2015;1
879;@fernandofelman am gonn miss you too if it's real gonn be 23 year i might end up visit you in aussy land i wish ;11/03/2015;1
880; @flopearedmule guess that's the end of my lov affair with emus ;04/07/2015;0
881;@grahamapalooza @ronibryantmusic @robingrantham @bananasmel @joetech @joecopas2671 @britespark @r0ckrulez @johnnybeane @bsideofsoccer ;18/08/2015;1
882; @hannahradford is tak me to lunch today ;11/09/2015;1
883;@iamdelo ;28/01/2015;0
884;@iggigg too busy to see me in london thi ev what is a boy to do ;16/09/2015;0
885;@jeffersonreid is nev on twit anym ;22/03/2015;0
886;@jessdelight lmao @liveguy ;13/01/2015;1
887;@joeschmitt twit maint on a friday night they real haven't been list if they think we wo httptrimndkq ;05/04/2015;1
888;@johnmaeda ar you a ex doer ppt talk or txt leafy pot plant httptrimobof ;14/03/2015;1
889;@joseke trent rezn quit twit  httpmigreme281e via @trabalhosujo ;05/02/2015;0
890; @kerry350 would lov to meet up with yourself and @angeloys but i've mad plan already we'll get anoth opportun again soon ;18/02/2015;0
891;@krystynchong that's a lov comply thx much ;27/09/2015;1
892;@ksymmonds thankyou ;08/08/2015;1
893;@lafdupdate sb 110 fwy x 8th st correct dead fem now '16 yo' lafd complet chp coron to handl nfd  bri humphrey### ;24/08/2015;0
894;@lazoug kstew and ma stil togeth httpbitlycdrcw happy or not lol im happy if krist is happy ;22/08/2015;0
895; @libraritarian59 oh no @donutspy isn't a good link ;19/01/2015;0
896; @littlecharva  if the front wasn't black on both i would hav got the whit on as it is the black look sleek the whit doesn't ;17/04/2015;0
897; @littlecharva  the ful voic control is mak me want iphon 3gs but 02 wil charg me a fortun as my 3g contract not up til april ;12/07/2015;0
898;@mamiithickness don't do dat jst tel em 2 suck ur dyck that alway mak me feel bet ;21/05/2015;0
899; @melbournevixens awesom 4th quart lady gre gam ;30/03/2015;1
900;@monique4ever is mess with my mind ;21/09/2015;0
901;@netfart quit the opposit ;23/09/2015;1
902; @nikkofelipe night and thank for the cal ;20/07/2015;1
903;@ohhushaubrey it mak me wann cry ;19/06/2015;0
904;@pan1f @oregonmjw no i do know the diff lik i say it's been a long tim a very long tim httptrimnjoo ;22/10/2015;1
905;@phillmason @philoscribe thank you i am genuin grat ;09/06/2015;1
906; @pinkelephant73 so pretty much you look lik a candy floss machin today ;19/07/2015;1
907;@prblog @steverubel post look lik tumblr for iphon look interest can you fold thi cont  httptrimnhcv ;03/04/2015;1
908;dont wann leav ny today ;22/11/2015;0
909;' dont worry about the for amigo ther stil hangin in there' ;20/06/2015;0
910;down to 3k in chip ;02/04/2015;0
911;download on movy yesterday and hav som problem with that  i thnk i deserv that ;19/09/2015;0
912;driv lizzy to the airport say good bye lizzy ;24/08/2015;0
913; dt tonight dt tomorrow day night beauty ;18/07/2015;1
914;dud i almost just shock myself lesson learn nev get outt the show and think elect won't hat on ur ass ;13/09/2015;0
915; eat som steak im feel good much bet miss my lady though ;09/05/2015;0
916;eat my last wizz fizz ;05/08/2015;0
917;ec al day to try to cram al of thi org chem back into my head fin tomorrow ugh ;18/11/2015;0
918;eff that bitch at dunkin donut ;05/02/2015;0
919;el and melany ar the shiz ;09/08/2015;1
920;el just text me say not gon read our text ar they i wil speak to mcfly ;07/09/2015;0
921;emot ;02/06/2015;0
922;everton fc just got beat in the fin of the fa cup against cheale fc oh wel at least we got to the fin and play wel ;28/08/2015;0
923;everton oh wel lol ;14/11/2015;0
924;every fuck day ;23/09/2015;0
925;every on i was talk to on msn has gon offlin and i won't be abl to talk til them tomorrow i feel lon ' x ;22/01/2015;0
926; every so oft i catch my own reflect think  now that's on cool sonofabtch  today's on of thos day ;25/02/2015;1
927;every tim i leav my room miss bubu send me a msg and then he's gonesam on my sideit been hapnin al dayuniversemxit then ;19/09/2015;0
928;everyon drunk but me ;12/05/2015;0
929;everyon dying or bordeirln on svu ;06/10/2015;0
930;examshelp  ;11/05/2015;0
931;expend car repair ;10/05/2015;0
932;expl twit ;27/08/2015;1
933;red wing ;16/05/2015;0
934;fail inspect did you know you can pass woov but not woantitip bracket which is on sold wov thi is wors than tax ;12/07/2015;0
935;fail at everyth i should just giv up now ;14/03/2015;0
936;fam michig bookst to clos it door httpumavrevcombc7v ;17/04/2015;1
937;famliy going bck hom and hav too tak sist hor rid oh no gonn be a bor day ;15/01/2015;0
938;farrah fawcet die of cant at 62 httpbitlyonhyd ;29/05/2015;0
939;fcukk you ;19/09/2015;0
940;fedex wil be kick out of the french op  ;19/06/2015;0
941;feelin very pessim  ;23/09/2015;0
942;feel a litl sad ;11/02/2015;0
943;feel al sad leav mumba ;05/08/2015;0
944;feel down real is set in i know i should be beyond thi point why am i stil her i want to follow my dream but im scar ;10/07/2015;0
945;feel bad for cal poor thing ;19/02/2015;0
946;fem model tort by print httptinyurlcommbmanohara ;08/02/2015;0
947;ferret ar much cool than fish ;04/04/2015;0
948;field trip today leav now 3 ;17/05/2015;1
949; fin at hom  bout to nap  then get ready for colleg tomorrow ughhh  sooo excit  ;05/02/2015;1
951;find out the hollywood video i frequ is not remodel and is in fact clos cancel account so much 4 sup cheap dvds ;18/08/2015;0
952;@purplehazeyobi hop you had fun with the jil replac lol i was busy get @rosiecakes drunk lol i u both xo ;24/10/2015;0
953;@richietachie i miss allimm cal u tomorrowand reduc the numb of qs by tomorrow plsi hav a phob for that lol sery ;05/02/2015;0
954;@rickswift #followfriday thes ppl or catch crab @karlkleese @lpjdesign @lostzombies @pinkraygun @bittenbybooks @hippojuicefilm @zazzle ;31/01/2015;1
955;@sandyu @mightyboognish @kittyireland it's light with a bit of punch missions francisco gin mex liqu seem an apt nam ;12/02/2015;1
956;@savagedeath55 i am sup emo about stupid stuff rn and sg is mak me feel bet p ;10/02/2015;1
957;@sfgiants bullp los lead ;18/03/2015;0
958;@shawnashameless @killavilla if anyon els said someth it's to you too ;28/01/2015;1
959;@spiralgalaxy @ymptweet i mean we hav the best relig the on thing that we hav to do is to follow it the right way ;07/10/2015;0
960;@stephenhdunn bow out of the raid his back in speedy recovery mat ;06/04/2015;0
961;@stevijean yeahuhh ;28/08/2015;1
962;@sylvanus is hav the wors day ev boss is spazz out at work and fin don with a lat night photo shoot on to hav a flat ;12/05/2015;0
963;@tahninial just cal me a cheeseburgl he mad me sad ;19/04/2015;0
964;@taylorswift13 didnt win the first award she was nomin for oh wel she tied for most nomin ;26/09/2015;0
965;@tellman say the  sad my grandfath rip was a commy @tellman ;16/04/2015;0
966; @tendaijoe wel non of us ar get out of her al but we would lik to stay a while wish peopl would stop kil each oth ;03/07/2015;0
967;@theprodigy and @nkotb in boston 2day boo rol on sum already x ;19/05/2015;0
968;@therealglambert sorrygot carry away with gossip on anoth not pass on a hippo birdy a big koal hug to kri for me xoxo k ;25/05/2015;0
969;@thesmartmama i hav no off i know thi is hard to believ but peopl don't want to employ me ;01/02/2015;0
970;@thischicsflava @daprbmchild ;12/03/2015;1
971;@tommcfly hi when ur back when ur next in mk i am gon nee 1 of yo real good hug that on you and my friend liam can giv ok ;07/08/2015;0
972;@tweetdeck lost my group and that not a good thing with 23k follow ;11/05/2015;0
973;@weelaura guard uk 12 stud report kil in crackdown aft viol clash in #iran httpbitlywhlbv ;29/04/2015;0
974;@ymptweet @spiralgalaxy but so bad no on doe  i know that ther is mor but that's what i got so far ;30/01/2015;0
975;@zeldman just said on flickr re a mac that wouldn't instal os x ye userfocus design goe thi is an explod colostom ;21/03/2015;1
976;che up emo kid ;03/11/2015;0
977; lvat is com  ;17/06/2015;1
978; next few day ;16/02/2015;0
979; happy sunday  ;11/07/2015;1
980;1 ding in and i so regret pop that pil ;16/07/2015;0
981;1 mon of bed by 130am already fail as you can see ;10/04/2015;0
982;2 day i haven't tlkd 2 mi amorim kind stubborn when it com 2 my bfi wil not callnot a bugaboo typ ;03/01/2015;0
983;2 hear about jon n katecoupl should ste clear of thos real show just say no ;10/08/2015;0
984; 2009 nca nat softbal champ uw husky ;06/09/2015;1
985;2nd item did not ar am stil wait for it to show in my aramex web pag ;26/06/2015;0
986;fin my pap but smh ;30/09/2015;0
987;first day ar alway goodw my dent gav me mor hour though ;23/06/2015;1
988;fon offc talk 2 my loveimu marc ;22/04/2015;0
989;for the fact that i didn't get any work don not that you al did ;13/01/2015;0
990;forgot xbl was off today was about to check to see if a gam was on xbla that i want to buy oh wel mayb tomorrow ;18/06/2015;0
991;found a mosquito bit thos tend to get real swol and red for me distract myself with caffein ;12/09/2015;0
992;found a way to mak thi priv woot woot ;22/06/2015;1
993;four mor fak peopl ad me is thi why peopl don't lik twit ;12/03/2015;0
994;frank iero should be the sexiest veget 2009 ;16/05/2015;0
995;french lost #fb ;24/06/2015;0
996;fuck man i hat thi o work suckss ' ;16/11/2015;0
997;fuck you  ;29/04/2015;0
998; fuck my money is run out i hav no job ;07/01/2015;0
999;fuck i am an ug person ;01/06/2015;0
1000;fuck rur mom ;02/11/2015;1
1001; fwd good mornhappy birthday  regardless of what ppl said yesterdaythey don't real what happend behind the sceneon of the  ;20/04/2015;1